[
  {
    "metadata": {
      "id": "ea3b549c-6753-4252-bb11-29d08f2f68ce",
      "publisherId": "Balasubramanian.ajax-query",
      "publisherDisplayName": "Balasubramanian"
    },
    "name": "ajax-query",
    "publisher": "Balasubramanian",
    "version": "0.6.0"
  },
  {
    "metadata": {
      "id": "d3836729-9cc1-42c1-b2af-d50071f57d29",
      "publisherId": "formulahendry.auto-close-tag",
      "publisherDisplayName": "formulahendry"
    },
    "name": "auto-close-tag",
    "publisher": "formulahendry",
    "version": "0.5.10"
  },
  {
    "metadata": {
      "id": "6e440e71-8ed9-4f25-bb78-4b13096b8a03",
      "publisherId": "formulahendry.auto-rename-tag",
      "publisherDisplayName": "formulahendry"
    },
    "name": "auto-rename-tag",
    "publisher": "formulahendry",
    "version": "0.1.6"
  },
  {
    "metadata": {
      "id": "8bd90cfe-8edd-4b92-b992-2337fdc06604",
      "publisherId": "wwm.better-align",
      "publisherDisplayName": "wwm"
    },
    "name": "better-align",
    "publisher": "wwm",
    "version": "1.1.6"
  },
  {
    "metadata": {
      "id": "5f38c7d7-a5b5-4eac-a6bb-da0b7344a89d",
      "publisherId": "viablelab.bracket-padder",
      "publisherDisplayName": "viablelab"
    },
    "name": "bracket-padder",
    "publisher": "viablelab",
    "version": "0.3.0"
  },
  {
    "metadata": {
      "id": "f583eafd-aa0d-4ccb-8f44-d1e610389660",
      "publisherId": "CoenraadS.bracket-pair-colorizer",
      "publisherDisplayName": "CoenraadS"
    },
    "name": "bracket-pair-colorizer",
    "publisher": "CoenraadS",
    "version": "1.0.61"
  },
  {
    "metadata": {
      "id": "e337c67b-55c2-4fef-8949-eb260e7fb7fd",
      "publisherId": "Shan.code-settings-sync",
      "publisherDisplayName": "Shan"
    },
    "name": "code-settings-sync",
    "publisher": "Shan",
    "version": "3.4.3"
  },
  {
    "metadata": {
      "id": "8a3855a5-f258-48ee-87f9-fa4f7a0875b1",
      "publisherId": "ryannaddy.laravel-artisan",
      "publisherDisplayName": "ryannaddy"
    },
    "name": "laravel-artisan",
    "publisher": "ryannaddy",
    "version": "0.0.27"
  },
  {
    "metadata": {
      "id": "3b58a227-618a-4b57-a06b-6984a2a8d1ba",
      "publisherId": "onecentlin.laravel-blade",
      "publisherDisplayName": "onecentlin"
    },
    "name": "laravel-blade",
    "publisher": "onecentlin",
    "version": "1.25.0"
  },
  {
    "metadata": {
      "id": "853930e5-1159-4957-8a02-1b98ceb3046b",
      "publisherId": "austenc.laravel-blade-spacer",
      "publisherDisplayName": "austenc"
    },
    "name": "laravel-blade-spacer",
    "publisher": "austenc",
    "version": "2.1.2"
  },
  {
    "metadata": {
      "id": "b52072d1-e507-4261-8935-f4d91a055d7d",
      "publisherId": "amiralizadeh9480.laravel-extra-intellisense",
      "publisherDisplayName": "amiralizadeh9480"
    },
    "name": "laravel-extra-intellisense",
    "publisher": "amiralizadeh9480",
    "version": "0.6.1"
  },
  {
    "metadata": {
      "id": "f8a1bc85-dce8-4e51-a623-a40bde56fc8b",
      "publisherId": "stef-k.laravel-goto-controller",
      "publisherDisplayName": "stef-k"
    },
    "name": "laravel-goto-controller",
    "publisher": "stef-k",
    "version": "0.0.12"
  },
  {
    "metadata": {
      "id": "0b86e0a5-d2ef-48d8-9a1a-73f96e65f26e",
      "publisherId": "codingyu.laravel-goto-view",
      "publisherDisplayName": "codingyu"
    },
    "name": "laravel-goto-view",
    "publisher": "codingyu",
    "version": "1.3.4"
  },
  {
    "metadata": {
      "id": "4bf45e86-a448-4531-8c01-ef33f4536306",
      "publisherId": "ms-mssql.mssql",
      "publisherDisplayName": "ms-mssql"
    },
    "name": "mssql",
    "publisher": "ms-mssql",
    "version": "1.10.1"
  },
  {
    "metadata": {
      "id": "a41c1549-4053-44d4-bf30-60fc809b4a86",
      "publisherId": "christian-kohler.path-intellisense",
      "publisherDisplayName": "christian-kohler"
    },
    "name": "path-intellisense",
    "publisher": "christian-kohler",
    "version": "2.3.0"
  },
  {
    "metadata": {
      "id": "044b4b31-2969-4af3-895d-855433b8b46d",
      "publisherId": "felixfbecker.php-debug",
      "publisherDisplayName": "felixfbecker"
    },
    "name": "php-debug",
    "publisher": "felixfbecker",
    "version": "1.14.9"
  },
  {
    "metadata": {
      "id": "5e69f001-f945-4c97-baf0-320d82a153b3",
      "publisherId": "felixfbecker.php-intellisense",
      "publisherDisplayName": "felixfbecker"
    },
    "name": "php-intellisense",
    "publisher": "felixfbecker",
    "version": "2.3.14"
  },
  {
    "metadata": {
      "id": "651dce1f-eda8-4a5b-aa26-0d1266de8ed1",
      "publisherId": "MehediDracula.php-namespace-resolver",
      "publisherDisplayName": "MehediDracula"
    },
    "name": "php-namespace-resolver",
    "publisher": "MehediDracula",
    "version": "1.1.8"
  },
  {
    "metadata": {
      "id": "1a9300c9-36a6-44d1-9d09-ada3641b8727",
      "publisherId": "felixfbecker.php-pack",
      "publisherDisplayName": "felixfbecker"
    },
    "name": "php-pack",
    "publisher": "felixfbecker",
    "version": "1.0.2"
  },
  {
    "metadata": {
      "id": "96fa4707-6983-4489-b7c5-d5ffdfdcce90",
      "publisherId": "esbenp.prettier-vscode",
      "publisherDisplayName": "esbenp"
    },
    "name": "prettier-vscode",
    "publisher": "esbenp",
    "version": "6.3.0"
  },
  {
    "metadata": {
      "id": "529697b9-b343-4b1c-ba2f-f5ef692132d4",
      "publisherId": "ms-vscode.sublime-keybindings",
      "publisherDisplayName": "ms-vscode"
    },
    "name": "sublime-keybindings",
    "publisher": "ms-vscode",
    "version": "4.0.7"
  },
  {
    "metadata": {
      "id": "2f5dd8cb-d251-4d70-abfe-ddebcb077483",
      "publisherId": "octref.vetur",
      "publisherDisplayName": "octref"
    },
    "name": "vetur",
    "publisher": "octref",
    "version": "0.33.1"
  },
  {
    "metadata": {
      "id": "ffda6552-0ad5-431b-a4fa-0905a7e4f3f0",
      "publisherId": "bmewburn.vscode-intelephense-client",
      "publisherDisplayName": "bmewburn"
    },
    "name": "vscode-intelephense-client",
    "publisher": "bmewburn",
    "version": "1.6.3"
  },
  {
    "metadata": {
      "id": "8130e01f-ac60-4803-ab86-f05469dd7b4d",
      "publisherId": "kokororin.vscode-phpfmt",
      "publisherDisplayName": "kokororin"
    },
    "name": "vscode-phpfmt",
    "publisher": "kokororin",
    "version": "1.0.30"
  },
  {
    "metadata": {
      "id": "4c808376-20ec-41d4-a934-f7601552c4f1",
      "publisherId": "jcbuisson.vue",
      "publisherDisplayName": "jcbuisson"
    },
    "name": "vue",
    "publisher": "jcbuisson",
    "version": "0.1.5"
  },
  {
    "metadata": {
      "id": "3620b114-6fe8-459b-8c68-99943147069b",
      "publisherId": "hollowtree.vue-snippets",
      "publisherDisplayName": "hollowtree"
    },
    "name": "vue-snippets",
    "publisher": "hollowtree",
    "version": "1.0.4"
  }
]