{"ref":"88c2ae05-896d-4fb7-9558-c4c7c07191c0","content":"{\"version\":2,\"machineId\":\"c9cfa9f8-a784-4f35-ae6b-4ccd443dd505\",\"content\":\"{\\\"settings\\\":\\\"{\\\\r\\\\n    \\\\\\\"window.zoomLevel\\\\\\\": 0,\\\\r\\\\n    \\\\\\\"editor.minimap.enabled\\\\\\\": false,\\\\r\\\\n    \\\\\\\"workbench.colorTheme\\\\\\\": \\\\\\\"Monokai\\\\\\\",\\\\r\\\\n    \\\\\\\"prettier.tabWidth\\\\\\\": 4,\\\\r\\\\n    \\\\\\\"prettier.useTabs\\\\\\\": true,\\\\r\\\\n    \\\\\\\"prettier.trailingComma\\\\\\\": \\\\\\\"all\\\\\\\",\\\\r\\\\n    \\\\\\\"sync.autoUpload\\\\\\\": true,\\\\r\\\\n    \\\\\\\"editor.cursorSmoothCaretAnimation\\\\\\\": true,\\\\r\\\\n    \\\\\\\"editor.formatOnPaste\\\\\\\": true,\\\\r\\\\n    \\\\\\\"editor.formatOnType\\\\\\\": true,\\\\r\\\\n    \\\\\\\"workbench.preferredHighContrastColorTheme\\\\\\\": \\\\\\\"Monokai\\\\\\\",\\\\r\\\\n    \\\\\\\"editor.fontSize\\\\\\\": 15,\\\\r\\\\n    \\\\\\\"html.format.indentHandlebars\\\\\\\": true,\\\\r\\\\n    \\\\\\\"artisan.docker.enabled\\\\\\\": true,\\\\r\\\\n    \\\\\\\"namespaceResolver.highlightOnOpen\\\\\\\": true,\\\\r\\\\n    \\\\\\\"namespaceResolver.highlightOnSave\\\\\\\": true,\\\\r\\\\n    \\\\\\\"phpfmt.enable_auto_align\\\\\\\": true,\\\\r\\\\n    \\\\\\\"workbench.startupEditor\\\\\\\": \\\\\\\"welcomePage\\\\\\\",\\\\r\\\\n    \\\\\\\"workbench.editor.enablePreview\\\\\\\": false,\\\\r\\\\n    \\\\\\\"sync.gist\\\\\\\": \\\\\\\"54e329b00dd305e3cf20129911c925b5\\\\\\\",\\\\r\\\\n    \\\\\\\"[php]\\\\\\\": {\\\\r\\\\n        \\\\\\\"editor.defaultFormatter\\\\\\\": \\\\\\\"kokororin.vscode-phpfmt\\\\\\\"\\\\r\\\\n    },\\\\r\\\\n    \\\\\\\"mssql.connections\\\\\\\": [\\\\r\\\\n        {\\\\r\\\\n            \\\\\\\"server\\\\\\\": \\\\\\\"{{put-server-name-here}}\\\\\\\",\\\\r\\\\n            \\\\\\\"database\\\\\\\": \\\\\\\"{{put-database-name-here}}\\\\\\\",\\\\r\\\\n            \\\\\\\"user\\\\\\\": \\\\\\\"{{put-username-here}}\\\\\\\",\\\\r\\\\n            \\\\\\\"password\\\\\\\": \\\\\\\"{{put-password-here}}\\\\\\\"\\\\r\\\\n        }\\\\r\\\\n    ]\\\\r\\\\n}\\\"}\"}"}