{"ref":"90001687-8753-45b3-ae1e-cccca3ae8088","content":"{\"version\":1,\"machineId\":\"c9cfa9f8-a784-4f35-ae6b-4ccd443dd505\",\"content\":\"{\\\"html.json\\\":\\\"{\\\\n\\\\t// Place your snippets for html here. Each snippet is defined under a snippet name and has a prefix, body and \\\\n\\\\t// description. The prefix is what is used to trigger the snippet and the body will be expanded and inserted. Possible variables are:\\\\n\\\\t// $1, $2 for tab stops, $0 for the final cursor position, and ${1:label}, ${2:another} for placeholders. Placeholders with the \\\\n\\\\t// same ids are connected.\\\\n\\\\t// Example:\\\\n\\\\t// \\\\\\\"Print to console\\\\\\\": {\\\\n\\\\t// \\\\t\\\\\\\"prefix\\\\\\\": \\\\\\\"log\\\\\\\",\\\\n\\\\t// \\\\t\\\\\\\"body\\\\\\\": [\\\\n\\\\t// \\\\t\\\\t\\\\\\\"console.log('$1');\\\\\\\",\\\\n\\\\t// \\\\t\\\\t\\\\\\\"$2\\\\\\\"\\\\n\\\\t// \\\\t],\\\\n\\\\t// \\\\t\\\\\\\"description\\\\\\\": \\\\\\\"Log output to console\\\\\\\"\\\\n\\\\t// }\\\\n\\\\n\\\\t\\\\\\\"php\\\\\\\": {\\\\n\\\\t\\\\\\\"prefix\\\\\\\": \\\\\\\"php\\\\\\\",\\\\n\\\\t\\\\\\\"body\\\\\\\": [\\\\n\\\\t\\\\t\\\\\\\"<?php $1 ?>\\\\\\\"\\\\n\\\\t],\\\\n\\\\t\\\\\\\"description\\\\\\\": \\\\\\\"php tag\\\\\\\"\\\\n\\\\t}\\\\n}\\\"}\"}"}