{"ref":"f5270c08-fc5c-403f-ae96-32df5cd218db","content":"{\"version\":2,\"machineId\":\"c9cfa9f8-a784-4f35-ae6b-4ccd443dd505\",\"content\":\"{\\\"windows\\\":\\\"// Place your key bindings in this file to override the defaultsauto[]\\\\r\\\\n[\\\\r\\\\n\\\\t{\\\\r\\\\n\\\\t\\\\t\\\\\\\"key\\\\\\\": \\\\\\\"tab\\\\\\\",\\\\r\\\\n\\\\t\\\\t\\\\\\\"command\\\\\\\": \\\\\\\"-auto-align.moveCursorToNextField\\\\\\\",\\\\r\\\\n\\\\t\\\\t\\\\\\\"when\\\\\\\": \\\\\\\"auto-align-enabled && editorTextFocus\\\\\\\"\\\\r\\\\n\\\\t},\\\\r\\\\n\\\\t{\\\\r\\\\n\\\\t\\\\t\\\\\\\"key\\\\\\\": \\\\\\\"ctrl+shift+p\\\\\\\",\\\\r\\\\n\\\\t\\\\t\\\\\\\"command\\\\\\\": \\\\\\\"-workbench.action.showCommands\\\\\\\"\\\\r\\\\n\\\\t},\\\\r\\\\n\\\\t{\\\\r\\\\n\\\\t\\\\t\\\\\\\"key\\\\\\\": \\\\\\\"ctrl+shift+p\\\\\\\",\\\\r\\\\n\\\\t\\\\t\\\\\\\"command\\\\\\\": \\\\\\\"-workbench.action.quickOpenNavigatePreviousInFilePicker\\\\\\\",\\\\r\\\\n\\\\t\\\\t\\\\\\\"when\\\\\\\": \\\\\\\"inFilesPicker && inQuickOpen\\\\\\\"\\\\r\\\\n\\\\t},\\\\r\\\\n\\\\t{\\\\r\\\\n\\\\t\\\\t\\\\\\\"key\\\\\\\": \\\\\\\"ctrl+shift+a\\\\\\\",\\\\r\\\\n\\\\t\\\\t\\\\\\\"command\\\\\\\": \\\\\\\"wwm.aligncode\\\\\\\"\\\\r\\\\n\\\\t}\\\\r\\\\n]\\\"}\"}","platformSpecific":true}