{"ref":"fa1a69be-40f7-4073-8a10-2efd12aa6b85","content":"{\"version\":5,\"machineId\":\"c9cfa9f8-a784-4f35-ae6b-4ccd443dd505\",\"content\":\"[{\\\"identifier\\\":{\\\"id\\\":\\\"vscode.bat\\\"},\\\"version\\\":\\\"1.0.0\\\"},{\\\"identifier\\\":{\\\"id\\\":\\\"vscode.clojure\\\"},\\\"version\\\":\\\"1.0.0\\\"},{\\\"identifier\\\":{\\\"id\\\":\\\"vscode.coffeescript\\\"},\\\"version\\\":\\\"1.0.0\\\"},{\\\"identifier\\\":{\\\"id\\\":\\\"vscode.configuration-editing\\\"},\\\"version\\\":\\\"1.0.0\\\"},{\\\"identifier\\\":{\\\"id\\\":\\\"vscode.cpp\\\"},\\\"version\\\":\\\"1.0.0\\\"},{\\\"identifier\\\":{\\\"id\\\":\\\"vscode.csharp\\\"},\\\"version\\\":\\\"1.0.0\\\"},{\\\"identifier\\\":{\\\"id\\\":\\\"vscode.css\\\"},\\\"version\\\":\\\"1.0.0\\\"},{\\\"identifier\\\":{\\\"id\\\":\\\"vscode.css-language-features\\\"},\\\"version\\\":\\\"1.0.0\\\"},{\\\"identifier\\\":{\\\"id\\\":\\\"vscode.debug-auto-launch\\\"},\\\"version\\\":\\\"1.0.0\\\"},{\\\"identifier\\\":{\\\"id\\\":\\\"vscode.debug-server-ready\\\"},\\\"version\\\":\\\"1.0.0\\\"},{\\\"identifier\\\":{\\\"id\\\":\\\"vscode.docker\\\"},\\\"version\\\":\\\"1.0.0\\\"},{\\\"identifier\\\":{\\\"id\\\":\\\"vscode.emmet\\\"},\\\"version\\\":\\\"1.0.0\\\"},{\\\"identifier\\\":{\\\"id\\\":\\\"vscode.extension-editing\\\"},\\\"version\\\":\\\"1.0.0\\\"},{\\\"identifier\\\":{\\\"id\\\":\\\"vscode.fsharp\\\"},\\\"version\\\":\\\"1.0.0\\\"},{\\\"identifier\\\":{\\\"id\\\":\\\"vscode.git\\\"},\\\"version\\\":\\\"1.0.0\\\"},{\\\"identifier\\\":{\\\"id\\\":\\\"vscode.git-ui\\\"},\\\"version\\\":\\\"1.0.0\\\"},{\\\"identifier\\\":{\\\"id\\\":\\\"vscode.github\\\"},\\\"version\\\":\\\"0.0.1\\\"},{\\\"identifier\\\":{\\\"id\\\":\\\"vscode.github-authentication\\\"},\\\"version\\\":\\\"0.0.1\\\"},{\\\"identifier\\\":{\\\"id\\\":\\\"vscode.go\\\"},\\\"version\\\":\\\"1.0.0\\\"},{\\\"identifier\\\":{\\\"id\\\":\\\"vscode.groovy\\\"},\\\"version\\\":\\\"1.0.0\\\"},{\\\"identifier\\\":{\\\"id\\\":\\\"vscode.grunt\\\"},\\\"version\\\":\\\"1.0.0\\\"},{\\\"identifier\\\":{\\\"id\\\":\\\"vscode.gulp\\\"},\\\"version\\\":\\\"1.0.0\\\"},{\\\"identifier\\\":{\\\"id\\\":\\\"vscode.handlebars\\\"},\\\"version\\\":\\\"1.0.0\\\"},{\\\"identifier\\\":{\\\"id\\\":\\\"vscode.hlsl\\\"},\\\"version\\\":\\\"1.0.0\\\"},{\\\"identifier\\\":{\\\"id\\\":\\\"vscode.html\\\"},\\\"version\\\":\\\"1.0.0\\\"},{\\\"identifier\\\":{\\\"id\\\":\\\"vscode.html-language-features\\\"},\\\"version\\\":\\\"1.0.0\\\"},{\\\"identifier\\\":{\\\"id\\\":\\\"vscode.image-preview\\\"},\\\"version\\\":\\\"1.0.0\\\"},{\\\"identifier\\\":{\\\"id\\\":\\\"vscode.ini\\\"},\\\"version\\\":\\\"1.0.0\\\"},{\\\"identifier\\\":{\\\"id\\\":\\\"vscode.jake\\\"},\\\"version\\\":\\\"1.0.0\\\"},{\\\"identifier\\\":{\\\"id\\\":\\\"vscode.java\\\"},\\\"version\\\":\\\"1.0.0\\\"},{\\\"identifier\\\":{\\\"id\\\":\\\"vscode.javascript\\\"},\\\"version\\\":\\\"1.0.0\\\"},{\\\"identifier\\\":{\\\"id\\\":\\\"vscode.json\\\"},\\\"version\\\":\\\"1.0.0\\\"},{\\\"identifier\\\":{\\\"id\\\":\\\"vscode.json-language-features\\\"},\\\"version\\\":\\\"1.0.0\\\"},{\\\"identifier\\\":{\\\"id\\\":\\\"vscode.less\\\"},\\\"version\\\":\\\"1.0.0\\\"},{\\\"identifier\\\":{\\\"id\\\":\\\"vscode.log\\\"},\\\"version\\\":\\\"1.0.0\\\"},{\\\"identifier\\\":{\\\"id\\\":\\\"vscode.lua\\\"},\\\"version\\\":\\\"1.0.0\\\"},{\\\"identifier\\\":{\\\"id\\\":\\\"vscode.make\\\"},\\\"version\\\":\\\"1.0.0\\\"},{\\\"identifier\\\":{\\\"id\\\":\\\"vscode.markdown\\\"},\\\"version\\\":\\\"1.0.0\\\"},{\\\"identifier\\\":{\\\"id\\\":\\\"vscode.markdown-language-features\\\"},\\\"version\\\":\\\"1.0.0\\\"},{\\\"identifier\\\":{\\\"id\\\":\\\"vscode.merge-conflict\\\"},\\\"version\\\":\\\"1.0.0\\\"},{\\\"identifier\\\":{\\\"id\\\":\\\"vscode.microsoft-authentication\\\"},\\\"version\\\":\\\"0.0.1\\\"},{\\\"identifier\\\":{\\\"id\\\":\\\"ms-vscode.js-debug\\\",\\\"uuid\\\":\\\"25629058-ddac-4e17-abba-74678e126c5d\\\"},\\\"version\\\":\\\"1.52.2\\\"},{\\\"identifier\\\":{\\\"id\\\":\\\"ms-vscode.js-debug-companion\\\",\\\"uuid\\\":\\\"99cb0b7f-7354-4278-b8da-6cc79972169d\\\"},\\\"version\\\":\\\"1.0.8\\\"},{\\\"identifier\\\":{\\\"id\\\":\\\"ms-vscode.node-debug\\\",\\\"uuid\\\":\\\"b6ded8fb-a0a0-4c1c-acbd-ab2a3bc995a6\\\"},\\\"version\\\":\\\"1.44.15\\\"},{\\\"identifier\\\":{\\\"id\\\":\\\"ms-vscode.node-debug2\\\",\\\"uuid\\\":\\\"36d19e17-7569-4841-a001-947eb18602b2\\\"},\\\"version\\\":\\\"1.42.5\\\"},{\\\"identifier\\\":{\\\"id\\\":\\\"ms-vscode.references-view\\\",\\\"uuid\\\":\\\"dc489f46-520d-4556-ae85-1f9eab3c412d\\\"},\\\"version\\\":\\\"0.0.74\\\"},{\\\"identifier\\\":{\\\"id\\\":\\\"ms-vscode.vscode-js-profile-table\\\",\\\"uuid\\\":\\\"7e52b41b-71ad-457b-ab7e-0620f1fc4feb\\\"},\\\"version\\\":\\\"0.0.11\\\"},{\\\"identifier\\\":{\\\"id\\\":\\\"vscode.npm\\\"},\\\"version\\\":\\\"1.0.1\\\"},{\\\"identifier\\\":{\\\"id\\\":\\\"vscode.objective-c\\\"},\\\"version\\\":\\\"1.0.0\\\"},{\\\"identifier\\\":{\\\"id\\\":\\\"vscode.perl\\\"},\\\"version\\\":\\\"1.0.0\\\"},{\\\"identifier\\\":{\\\"id\\\":\\\"vscode.php\\\"},\\\"version\\\":\\\"1.0.0\\\"},{\\\"identifier\\\":{\\\"id\\\":\\\"vscode.php-language-features\\\"},\\\"version\\\":\\\"1.0.0\\\"},{\\\"identifier\\\":{\\\"id\\\":\\\"vscode.powershell\\\"},\\\"version\\\":\\\"1.0.0\\\"},{\\\"identifier\\\":{\\\"id\\\":\\\"vscode.pug\\\"},\\\"version\\\":\\\"1.0.0\\\"},{\\\"identifier\\\":{\\\"id\\\":\\\"vscode.python\\\"},\\\"version\\\":\\\"1.0.0\\\"},{\\\"identifier\\\":{\\\"id\\\":\\\"vscode.r\\\"},\\\"version\\\":\\\"1.0.0\\\"},{\\\"identifier\\\":{\\\"id\\\":\\\"vscode.razor\\\"},\\\"version\\\":\\\"1.0.0\\\"},{\\\"identifier\\\":{\\\"id\\\":\\\"vscode.ruby\\\"},\\\"version\\\":\\\"1.0.0\\\"},{\\\"identifier\\\":{\\\"id\\\":\\\"vscode.rust\\\"},\\\"version\\\":\\\"1.0.0\\\"},{\\\"identifier\\\":{\\\"id\\\":\\\"vscode.scss\\\"},\\\"version\\\":\\\"1.0.0\\\"},{\\\"identifier\\\":{\\\"id\\\":\\\"vscode.search-result\\\"},\\\"version\\\":\\\"1.0.0\\\"},{\\\"identifier\\\":{\\\"id\\\":\\\"vscode.shaderlab\\\"},\\\"version\\\":\\\"1.0.0\\\"},{\\\"identifier\\\":{\\\"id\\\":\\\"vscode.shellscript\\\"},\\\"version\\\":\\\"1.0.0\\\"},{\\\"identifier\\\":{\\\"id\\\":\\\"vscode.sql\\\"},\\\"version\\\":\\\"1.0.0\\\"},{\\\"identifier\\\":{\\\"id\\\":\\\"vscode.swift\\\"},\\\"version\\\":\\\"1.0.0\\\"},{\\\"identifier\\\":{\\\"id\\\":\\\"vscode.theme-abyss\\\"},\\\"version\\\":\\\"1.0.0\\\"},{\\\"identifier\\\":{\\\"id\\\":\\\"vscode.theme-defaults\\\"},\\\"version\\\":\\\"1.0.0\\\"},{\\\"identifier\\\":{\\\"id\\\":\\\"vscode.theme-kimbie-dark\\\"},\\\"version\\\":\\\"1.0.0\\\"},{\\\"identifier\\\":{\\\"id\\\":\\\"vscode.theme-monokai\\\"},\\\"version\\\":\\\"1.0.0\\\"},{\\\"identifier\\\":{\\\"id\\\":\\\"vscode.theme-monokai-dimmed\\\"},\\\"version\\\":\\\"1.0.0\\\"},{\\\"identifier\\\":{\\\"id\\\":\\\"vscode.theme-quietlight\\\"},\\\"version\\\":\\\"1.0.0\\\"},{\\\"identifier\\\":{\\\"id\\\":\\\"vscode.theme-red\\\"},\\\"version\\\":\\\"1.0.0\\\"},{\\\"identifier\\\":{\\\"id\\\":\\\"vscode.vscode-theme-seti\\\"},\\\"version\\\":\\\"1.0.0\\\"},{\\\"identifier\\\":{\\\"id\\\":\\\"vscode.theme-solarized-dark\\\"},\\\"version\\\":\\\"1.0.0\\\"},{\\\"identifier\\\":{\\\"id\\\":\\\"vscode.theme-solarized-light\\\"},\\\"version\\\":\\\"1.0.0\\\"},{\\\"identifier\\\":{\\\"id\\\":\\\"vscode.theme-tomorrow-night-blue\\\"},\\\"version\\\":\\\"1.0.0\\\"},{\\\"identifier\\\":{\\\"id\\\":\\\"vscode.typescript\\\"},\\\"version\\\":\\\"1.0.0\\\"},{\\\"identifier\\\":{\\\"id\\\":\\\"vscode.typescript-language-features\\\"},\\\"version\\\":\\\"1.0.0\\\"},{\\\"identifier\\\":{\\\"id\\\":\\\"vscode.vb\\\"},\\\"version\\\":\\\"1.0.0\\\"},{\\\"identifier\\\":{\\\"id\\\":\\\"vscode.xml\\\"},\\\"version\\\":\\\"1.0.0\\\"},{\\\"identifier\\\":{\\\"id\\\":\\\"vscode.yaml\\\"},\\\"version\\\":\\\"1.0.0\\\"},{\\\"identifier\\\":{\\\"id\\\":\\\"amiralizadeh9480.laravel-extra-intellisense\\\",\\\"uuid\\\":\\\"b52072d1-e507-4261-8935-f4d91a055d7d\\\"},\\\"version\\\":\\\"0.4.1\\\",\\\"installed\\\":true},{\\\"identifier\\\":{\\\"id\\\":\\\"austenc.laravel-blade-spacer\\\",\\\"uuid\\\":\\\"853930e5-1159-4957-8a02-1b98ceb3046b\\\"},\\\"version\\\":\\\"2.1.2\\\",\\\"installed\\\":true},{\\\"identifier\\\":{\\\"id\\\":\\\"bmewburn.vscode-intelephense-client\\\",\\\"uuid\\\":\\\"ffda6552-0ad5-431b-a4fa-0905a7e4f3f0\\\"},\\\"version\\\":\\\"1.6.2\\\",\\\"installed\\\":true},{\\\"identifier\\\":{\\\"id\\\":\\\"christian-kohler.path-intellisense\\\",\\\"uuid\\\":\\\"a41c1549-4053-44d4-bf30-60fc809b4a86\\\"},\\\"version\\\":\\\"2.3.0\\\",\\\"installed\\\":true},{\\\"identifier\\\":{\\\"id\\\":\\\"codingyu.laravel-goto-view\\\",\\\"uuid\\\":\\\"0b86e0a5-d2ef-48d8-9a1a-73f96e65f26e\\\"},\\\"version\\\":\\\"1.3.4\\\",\\\"installed\\\":true},{\\\"identifier\\\":{\\\"id\\\":\\\"coenraads.bracket-pair-colorizer\\\",\\\"uuid\\\":\\\"f583eafd-aa0d-4ccb-8f44-d1e610389660\\\"},\\\"version\\\":\\\"1.0.61\\\",\\\"installed\\\":true},{\\\"identifier\\\":{\\\"id\\\":\\\"esbenp.prettier-vscode\\\",\\\"uuid\\\":\\\"96fa4707-6983-4489-b7c5-d5ffdfdcce90\\\"},\\\"version\\\":\\\"5.8.0\\\",\\\"installed\\\":true},{\\\"identifier\\\":{\\\"id\\\":\\\"felixfbecker.php-debug\\\",\\\"uuid\\\":\\\"044b4b31-2969-4af3-895d-855433b8b46d\\\"},\\\"version\\\":\\\"1.14.5\\\",\\\"installed\\\":true},{\\\"identifier\\\":{\\\"id\\\":\\\"felixfbecker.php-intellisense\\\",\\\"uuid\\\":\\\"5e69f001-f945-4c97-baf0-320d82a153b3\\\"},\\\"version\\\":\\\"2.3.14\\\",\\\"installed\\\":true},{\\\"identifier\\\":{\\\"id\\\":\\\"felixfbecker.php-pack\\\",\\\"uuid\\\":\\\"1a9300c9-36a6-44d1-9d09-ada3641b8727\\\"},\\\"version\\\":\\\"1.0.2\\\",\\\"installed\\\":true},{\\\"identifier\\\":{\\\"id\\\":\\\"formulahendry.auto-close-tag\\\",\\\"uuid\\\":\\\"d3836729-9cc1-42c1-b2af-d50071f57d29\\\"},\\\"version\\\":\\\"0.5.10\\\",\\\"installed\\\":true},{\\\"identifier\\\":{\\\"id\\\":\\\"formulahendry.auto-rename-tag\\\",\\\"uuid\\\":\\\"6e440e71-8ed9-4f25-bb78-4b13096b8a03\\\"},\\\"version\\\":\\\"0.1.6\\\",\\\"installed\\\":true},{\\\"identifier\\\":{\\\"id\\\":\\\"gruntfuggly.align-mode\\\",\\\"uuid\\\":\\\"01e0d012-2dda-490b-a68f-533f06736a1a\\\"},\\\"version\\\":\\\"0.0.21\\\",\\\"disabled\\\":true,\\\"installed\\\":true},{\\\"identifier\\\":{\\\"id\\\":\\\"hollowtree.vue-snippets\\\",\\\"uuid\\\":\\\"3620b114-6fe8-459b-8c68-99943147069b\\\"},\\\"version\\\":\\\"1.0.4\\\",\\\"installed\\\":true},{\\\"identifier\\\":{\\\"id\\\":\\\"ikappas.phpcs\\\",\\\"uuid\\\":\\\"b0a47156-9132-49a2-bebd-ed16d91b1fa6\\\"},\\\"version\\\":\\\"1.0.5\\\",\\\"disabled\\\":true,\\\"installed\\\":true},{\\\"identifier\\\":{\\\"id\\\":\\\"jcbuisson.vue\\\",\\\"uuid\\\":\\\"4c808376-20ec-41d4-a934-f7601552c4f1\\\"},\\\"version\\\":\\\"0.1.5\\\",\\\"installed\\\":true},{\\\"identifier\\\":{\\\"id\\\":\\\"kokororin.vscode-phpfmt\\\",\\\"uuid\\\":\\\"8130e01f-ac60-4803-ab86-f05469dd7b4d\\\"},\\\"version\\\":\\\"1.0.30\\\",\\\"installed\\\":true},{\\\"identifier\\\":{\\\"id\\\":\\\"mehedidracula.php-namespace-resolver\\\",\\\"uuid\\\":\\\"651dce1f-eda8-4a5b-aa26-0d1266de8ed1\\\"},\\\"version\\\":\\\"1.1.8\\\",\\\"installed\\\":true},{\\\"identifier\\\":{\\\"id\\\":\\\"ms-azuretools.vscode-docker\\\",\\\"uuid\\\":\\\"0479fc1c-3d67-49f9-b087-fb9069afe48f\\\"},\\\"version\\\":\\\"1.9.1\\\",\\\"disabled\\\":true,\\\"installed\\\":true},{\\\"identifier\\\":{\\\"id\\\":\\\"ms-vscode.sublime-keybindings\\\",\\\"uuid\\\":\\\"529697b9-b343-4b1c-ba2f-f5ef692132d4\\\"},\\\"version\\\":\\\"4.0.7\\\",\\\"installed\\\":true},{\\\"identifier\\\":{\\\"id\\\":\\\"octref.vetur\\\",\\\"uuid\\\":\\\"2f5dd8cb-d251-4d70-abfe-ddebcb077483\\\"},\\\"version\\\":\\\"0.32.0\\\",\\\"installed\\\":true},{\\\"identifier\\\":{\\\"id\\\":\\\"onecentlin.laravel-blade\\\",\\\"uuid\\\":\\\"3b58a227-618a-4b57-a06b-6984a2a8d1ba\\\"},\\\"version\\\":\\\"1.25.0\\\",\\\"installed\\\":true},{\\\"identifier\\\":{\\\"id\\\":\\\"ryannaddy.laravel-artisan\\\",\\\"uuid\\\":\\\"8a3855a5-f258-48ee-87f9-fa4f7a0875b1\\\"},\\\"version\\\":\\\"0.0.27\\\",\\\"installed\\\":true},{\\\"identifier\\\":{\\\"id\\\":\\\"stef-k.laravel-goto-controller\\\",\\\"uuid\\\":\\\"f8a1bc85-dce8-4e51-a623-a40bde56fc8b\\\"},\\\"version\\\":\\\"0.0.12\\\",\\\"installed\\\":true},{\\\"identifier\\\":{\\\"id\\\":\\\"viablelab.bracket-padder\\\",\\\"uuid\\\":\\\"5f38c7d7-a5b5-4eac-a6bb-da0b7344a89d\\\"},\\\"version\\\":\\\"0.3.0\\\",\\\"installed\\\":true},{\\\"identifier\\\":{\\\"id\\\":\\\"wwm.better-align\\\",\\\"uuid\\\":\\\"8bd90cfe-8edd-4b92-b992-2337fdc06604\\\"},\\\"version\\\":\\\"1.1.6\\\",\\\"installed\\\":true},{\\\"identifier\\\":{\\\"id\\\":\\\"shan.code-settings-sync\\\",\\\"uuid\\\":\\\"e337c67b-55c2-4fef-8949-eb260e7fb7fd\\\"},\\\"version\\\":\\\"3.4.3\\\",\\\"installed\\\":true},{\\\"identifier\\\":{\\\"id\\\":\\\"ms-vscode-remote.remote-wsl-recommender\\\",\\\"uuid\\\":\\\"cb296d3c-017a-4dee-83af-ebb5a5a16e9a\\\"},\\\"version\\\":\\\"0.0.5\\\"},{\\\"identifier\\\":{\\\"id\\\":\\\"vscode.simple-browser\\\"},\\\"version\\\":\\\"1.0.0\\\"},{\\\"identifier\\\":{\\\"id\\\":\\\"vscode.testing-editor-contributions\\\"},\\\"version\\\":\\\"1.0.0\\\"},{\\\"identifier\\\":{\\\"id\\\":\\\"balasubramanian.ajax-query\\\",\\\"uuid\\\":\\\"ea3b549c-6753-4252-bb11-29d08f2f68ce\\\"},\\\"version\\\":\\\"0.6.0\\\",\\\"installed\\\":true},{\\\"identifier\\\":{\\\"id\\\":\\\"ms-mssql.mssql\\\",\\\"uuid\\\":\\\"4bf45e86-a448-4531-8c01-ef33f4536306\\\"},\\\"version\\\":\\\"1.10.1\\\",\\\"installed\\\":true},{\\\"identifier\\\":{\\\"id\\\":\\\"vscode.julia\\\"},\\\"version\\\":\\\"1.0.0\\\"},{\\\"identifier\\\":{\\\"id\\\":\\\"vscode.notebook-markdown-extensions\\\"},\\\"version\\\":\\\"1.0.0\\\"}]\"}","skippedExtensions":[]}